{"SK_ID_CURR": [191951, 273336, 119922, 221870, 109428, 352447, 420622, 205019], "NAME_CONTRACT_TYPE": [0, 0, 0, 0, 0, 0, 0, 0], "CODE_GENDER": [0, 0, 0, 1, 0, 0, 1, 1], "FLAG_OWN_CAR": [0, 0, 0, 0, 0, 0, 1, 0], "AMT_INCOME_TOTAL": [180000.0, 157500.0, 135000.0, 247500.0, 90000.0, 315000.0, 202500.0, 193500.0], "AMT_CREDIT": [783927.0, 285453.0, 1081588.5, 675000.0, 225000.0, 458235.0, 180000.0, 245002.5], "AMT_ANNUITY": [40153.5, 14701.5, 48379.5, 49248.0, 14508.0, 20313.0, 18900.0, 19089.0], "AMT_GOODS_PRICE": [688500.0, 193500.0, 918000.0, 675000.0, 225000.0, 382500.0, 180000.0, 211500.0], "NAME_INCOME_TYPE": [6, 6, 6, 6, 2, 6, 3, 1], "NAME_FAMILY_STATUS": [0, 1, 1, 1, 3, 0, 3, 1], "REGION_POPULATION_RELATIVE": [0.019101, 0.035792, 0.00496, 0.026392, 0.026392, 0.032561, 0.010006, 0.0228], "DAYS_BIRTH": [-16158, -14391, -16648, -13834, -23298, -15155, -10402, -11858], "DAYS_EMPLOYED": [-1668, -238, -9096, -4409, 365243, -542, -2643, -3617], "DAYS_REGISTRATION": [-5738.0, -7950.0, -10694.0, -3078.0, -4639.0, -8518.0, -2847.0, -6019.0], "DAYS_ID_PUBLISH": [-5738, -5129, -196, -2463, -4634, -4823, -2903, -4460], "OWN_CAR_AGE": [9.0, 9.0, 9.0, 9.0, 9.0, 9.0, 1.0, 9.0], "FLAG_WORK_PHONE": [0, 0, 0, 1, 0, 1, 0, 0], "FLAG_PHONE": [0, 0, 0, 1, 0, 1, 0, 1], "OCCUPATION_TYPE": [13, 8, 12, 10, 10, 10, 10, 8], "REGION_RATING_CLIENT_W_CITY": [2, 2, 2, 2, 2, 1, 1, 2], "WEEKDAY_APPR_PROCESS_START": [6, 6, 6, 6, 6, 6, 6, 6], "REG_CITY_NOT_LIVE_CITY": [0, 0, 0, 0, 0, 0, 0, 0], "ORGANIZATION_TYPE": [43, 44, 30, 5, 57, 42, 4, 5], "EXT_SOURCE_1": [0.2692173204650087, 0.1940410110454191, 0.5067712615026179, 0.5067712615026179, 0.5067712615026179, 0.8405061049669473, 0.5067712615026179, 0.5303116470962953], "EXT_SOURCE_2": [0.6671372265028344, 0.5013412697375418, 0.3217687564054921, 0.6335212771051213, 0.7381420550087457, 0.6520657715625332, 0.4184011898048119, 0.5852642675604697], "EXT_SOURCE_3": [0.175605979469379, 0.1634256947313434, 0.5797274227921155, 0.363945238612397, 0.3409064264152384, 0.520897599048938, 0.3774042489507649, 0.5971924268337128], "DEF_30_CNT_SOCIAL_CIRCLE": [0.0, 0.0, 0.0, 2.0, 0.0, 0.0, 0.0, 0.0], "DAYS_LAST_PHONE_CHANGE": [-2113.0, -676.0, -617.0, -947.0, -527.0, -2244.0, -203.0, -1811.0], "FLAG_DOCUMENT_3": [1, 1, 1, 1, 1, 1, 1, 1], "AMT_REQ_CREDIT_BUREAU_QRT": [1.0, 1.0, 2.0, 1.0, 0.0, 0.0, 1.0, 1.0], "CREDIT_ACTIVE_mode": [2, 0, 0, 2, 2, 2, 2, 2], "avg_DAYS_CREDIT": [-1367.142857142857, -522.875, -774.8571428571429, -322.0, -254.75, -1316.0, -1112.6666666666667, -1492.421052631579], "avg_DAYS_CREDIT_ENDDATE": [-1036.5, 114.28571428571428, 453.0, 743.75, -88.0, 8895.333333333334, -677.8333333333334, 1017.9444444444443], "avg_AMT_CREDIT_MAX_OVERDUE": [0.0, 245.88, 0.0, 0.0, 0.0, 0.0, 0.0, 0.0], "avg_AMT_CREDIT_SUM": [183555.6107142857, 81263.188125, 337440.8571428572, 429985.0, 80475.75, 26994.6, 275697.4725, 1036021.8078947368], "avg_meanMONTHS_BALANCE": [-22.214285714285715, -8.4375, -12.428571428571429, -5.111111111111111, -3.875, -21.5, -18.041666666666668, -24.26315789473684], "prev_AMT_ANNUITY": [6707.714999999999, 14995.964999999998, 6075.7425, 20095.59, 10015.8075, 12796.83, 9610.0875, 20650.845], "prev_AMT_DOWN_PAYMENT": [4758.75, 2101.5, 6104.925, 0.0, 0.0, 0.0, 2383.875, 9980.982], "prev_AMT_GOODS_PRICE": [53884.5, 175993.5, 78910.425, 172186.5, 231716.25, 78952.5, 85807.125, 334118.80125], "prev_NAME_CONTRACT_STATUS": [0, 1, 0, 3, 1, 4, 0, 0], "prev_DAYS_DECISION": [-2032.7142857142856, -307.8, -490.5, -496.0, -321.42857142857144, -2324.0, -1415.5, -1604.4444444444443], "prev_NAME_CLIENT_TYPE": [3, 3, 1, 1, 3, 3, 3, 3], "prev_SELLERPLACE_AREA": [247.8571428571429, 27.6, 75.0, 62.66666666666666, 46.42857142857143, 2300.0, 508.5, 455.22222222222223], "prev_CNT_PAYMENT": [10.666666666666666, 18.0, 14.0, 13.333333333333334, 22.0, 12.0, 11.0, 15.555555555555555], "prev_NAME_YIELD_GROUP": [5, 1, 5, 2, 1, 1, 4, 2], "prev_DAYS_FIRST_DUE": [-2067.0, -352.5, -456.0, -565.0, -345.3333333333333, -820.0, -1065.6666666666667, -1666.625], "prev_DAYS_TERMINATION": [-1732.0, 182378.5, 182364.5, -381.0, 121650.0, 50914.28571428571, 120947.66666666669, 44195.875], "prev_NFLAG_INSURED_ON_APPROVAL": [0.25, 0.5, 0.0, 1.0, 0.3333333333333333, 0.25, 0.0, 0.25], "prev_avg_cntinstallment": [12.0, 17.57142857142857, 12.875, 11.375, 26.76190476190476, 12.0, 10.666666666666666, 14.213970588235291], "prev_avg_cntinstallment_future": [6.03125, 15.571428571428571, 9.375, 7.875, 22.428571428571427, 7.0, 6.166666666666667, 9.867542016806723], "prev_amtcredlimit_avg": [171000.0, 171000.0, 171000.0, 171000.0, 171000.0, 171000.0, 171000.0, 171000.0], "prev_amtpaymentcurr_avg": [12459.894000000004, 12459.894000000004, 12459.894000000004, 12459.894000000004, 12459.894000000004, 12459.894000000004, 12459.894000000004, 12459.894000000004], "prev_amtrecivable_avg": [14831.651938775509, 14831.651938775509, 14831.651938775509, 14831.651938775509, 14831.651938775509, 14831.651938775509, 14831.651938775509, 14831.651938775509], "prev_cntdrawingsatmcurr_avg": [0.2690239867659222, 0.2690239867659222, 0.2690239867659222, 0.2690239867659222, 0.2690239867659222, 0.2690239867659222, 0.2690239867659222, 0.2690239867659222], "prev_cntdrawingscurr_avg": [0.2058823529411764, 0.2058823529411764, 0.2058823529411764, 0.2058823529411764, 0.2058823529411764, 0.2058823529411764, 0.2058823529411764, 0.2058823529411764], "LOG_AMT_INCOME": [12.100712129872347, 11.967180737247824, 11.813030057420567, 12.419165860990882, 11.407564949312402, 12.66032791780777, 12.218495165528733, 12.173032791451972], "LOG_AMT_CREDIT": [13.572071182752431, 12.56183267105867, 13.893941351817862, 13.422467969854669, 12.323855681186558, 13.035137431941983, 12.100712129872347, 12.409023693556437], "GEOM_AVG_EXT_SOURCES12": [0.4237981789738491, 0.3118986483758254, 0.5083533637276796, 0.5083533637276796, 0.5083533637276796, 0.7403142993609485, 0.5083533637276796, 0.557110812780186], "AMT_INCOME_PER_CREDIT": [0.2296132165367438, 0.5517545795630103, 0.1248164158550132, 0.3666666666666666, 0.4, 0.6874202101541785, 1.125, 0.7897878593075581], "DAYS_EMPLOYED_PER_CREDIT": [-0.0021277491399071, -0.0008337624757841, -0.0084098527304977, -0.0065318518518518, 1.6233022222222222, -0.0011827992187414, -0.0146833333333333, -0.0147631146620952], "EXT_SOURCE_1_prod_AMT_CREDIT": [211046.72638017283, 55389.588725948015, 203972.22501387724, 203972.22501387724, 203972.22501387724, 385149.3150095291, 203972.22501387724, 129927.67931771008], "EXT_SOURCE_2_prod_AMT_CREDIT": [522986.8845606874, 143109.36947039052, 348021.38658748154, 427626.8620459569, 166081.9623769678, 298799.3588319574, 75312.21416486613, 143391.20871298396], "EXT_SOURCE_3_prod_AMT_CREDIT": [137662.26866749188, 46650.35483814617, 627026.51362659, 245663.036063368, 76703.94594342864, 238693.5113001901, 67932.76481113768, 146313.6375553267], "AGE_VS_JOB_EXPERIENCE": [9.68705035971223, 60.46638655462185, 1.8302550571679856, 3.1376729417101386, -0.0637876701264637, 27.961254612546124, 3.9356791524782446, 3.278407520044236], "CURR_CONSUMPTION_RATE": [0.8782705532530453, 0.6778699120345556, 0.8487516278140901, 1.0, 1.0, 0.8347245409015025, 1.0, 0.8632564973826797], "CONSUMPTION_RATIO": [12.777329287643012, 1.099472423697466, 11.633443870058992, 3.920167957418264, 0.9710151963878236, 4.844685095468795, 2.09772789846997, 0.6330083766873924], "WORKING_TIME_FRACTION": [0.1032305978462681, 0.0165381140990897, 0.5463719365689572, 0.3187075321671245, -15.677010902223367, 0.0357637743319036, 0.2540857527398577, 0.3050261426884803], "EDUCATION_TYPE_ORD": [2, 2, 2, 2, 2, 4, 2, 2], "EDUCATION_TYPE_ORD_EXP": [7.38905609893065, 7.38905609893065, 7.38905609893065, 7.38905609893065, 7.38905609893065, 54.59815003314424, 7.38905609893065, 7.38905609893065], "EXT_SOURCE_3_sum_NAME_CONTRACT_TYPE": [0.175605979469379, 0.1634256947313434, 0.5797274227921155, 0.363945238612397, 0.3409064264152384, 0.520897599048938, 0.3774042489507649, 0.5971924268337128],